#,Address,Source,Live Registers,Sampling Data (All),Sampling Data (Not Issued),Instructions Executed,Predicated-On Thread Instructions Executed,Memory Address Space,Memory Access Operation,Memory Access Size,Memory L1 Transactions Global,Memory L1 Transactions Shared,Memory L2 Transactions Global,stall_barrier,stall_dispatch,stall_drain,stall_imc,stall_lg,stall_long_sb,stall_math,stall_membar,stall_mio,stall_misc,stall_no_inst,stall_not_selected,stall_selected,stall_short_sb,stall_sleep,stall_tex,stall_wait,stall_barrier (Not Issued),stall_dispatch (Not Issued),stall_drain (Not Issued),stall_imc (Not Issued),stall_lg (Not Issued),stall_long_sb (Not Issued),stall_math (Not Issued),stall_membar (Not Issued),stall_mio (Not Issued),stall_misc (Not Issued),stall_no_inst (Not Issued),stall_not_selected (Not Issued),stall_selected (Not Issued),stall_short_sb (Not Issued),stall_sleeping (Not Issued),stall_tex (Not Issued),stall_wait (Not Issued)
1,00000013 2fa7d400,"     MOV R1, c[0x0][0x28] ",1,94,94,4096,131072,,,,,,,0,0,0,12,0,0,0,0,0,0,82,0,0,0,0,0,0,0,0,0,12,0,0,0,0,0,0,82,0,0,0,0,0,0
2,00000013 2fa7d410,"@!PT SHFL.IDX PT, RZ, RZ, RZ, RZ ",1,0,0,4096,0,,,,,,,,,,,,,,,,,,,,,,,,,,,,,,,,,,,,,,,,
3,00000013 2fa7d420,"     S2R R0, SR_CTAID.X ",2,0,0,4096,131072,,,,,,,,,,,,,,,,,,,,,,,,,,,,,,,,,,,,,,,,
4,00000013 2fa7d430,"     ISETP.GE.AND P0, PT, R0, c[0x0][0x194], PT ",2,60,60,4096,131072,,,,,,,0,0,0,56,0,0,0,0,0,0,0,0,0,3,0,0,1,0,0,0,56,0,0,0,0,0,0,0,0,0,3,0,0,1
5,00000013 2fa7d440,@P0  EXIT ,2,2,2,4096,0,,,,,,,0,0,0,0,0,0,0,0,0,0,0,0,0,0,0,0,2,0,0,0,0,0,0,0,0,0,0,0,0,0,0,0,0,2
6,00000013 2fa7d450,"     S2R R7, SR_CTAID.Y ",3,3,1,4096,131072,,,,,,,0,0,0,0,0,0,0,0,0,0,0,0,1,0,0,0,2,0,0,0,0,0,0,0,0,0,0,0,0,0,0,0,0,1
7,00000013 2fa7d460,"     MOV R4, RZ ",4,0,0,4096,131072,,,,,,,,,,,,,,,,,,,,,,,,,,,,,,,,,,,,,,,,
8,00000013 2fa7d470,"     MOV R3, RZ ",5,1,0,4096,131072,,,,,,,0,0,0,0,0,0,0,0,0,0,0,0,1,0,0,0,0,0,0,0,0,0,0,0,0,0,0,0,0,0,0,0,0,0
9,00000013 2fa7d480,"     S2R R5, SR_TID.X ",6,0,0,4096,131072,,,,,,,,,,,,,,,,,,,,,,,,,,,,,,,,,,,,,,,,
10,00000013 2fa7d490,"     ISETP.GE.AND P0, PT, R7, c[0x0][0x190], PT ",6,5,4,4096,131072,,,,,,,0,0,0,0,0,0,0,0,0,0,0,0,0,5,0,0,0,0,0,0,0,0,0,0,0,0,0,0,0,0,4,0,0,0
11,00000013 2fa7d4a0,"     SHF.R.S32.HI R14, RZ, 0x5, R5 ",7,2,0,4096,131072,,,,,,,0,0,0,0,0,0,0,0,0,0,0,0,1,1,0,0,0,0,0,0,0,0,0,0,0,0,0,0,0,0,0,0,0,0
12,00000013 2fa7d4b0,"     LOP3.LUT R2, R5, 0x1f, RZ, 0xc0, !PT ",8,1,1,4096,131072,,,,,,,0,0,0,0,0,0,0,0,0,0,0,0,0,0,0,0,1,0,0,0,0,0,0,0,0,0,0,0,0,0,0,0,0,1
13,00000013 2fa7d4c0,@P0  BRA 0x132fa7d710 ,8,0,0,4096,0,,,,,,,,,,,,,,,,,,,,,,,,,,,,,,,,,,,,,,,,
14,00000013 2fa7d4d0,"     MOV R4, RZ ",8,1,1,4096,131072,,,,,,,0,0,0,0,0,0,0,0,0,0,0,0,0,0,0,0,1,0,0,0,0,0,0,0,0,0,0,0,0,0,0,0,0,1
15,00000013 2fa7d4e0,"     MOV R3, RZ ",8,2,0,4096,131072,,,,,,,0,0,0,0,0,0,0,0,0,0,0,1,1,0,0,0,0,0,0,0,0,0,0,0,0,0,0,0,0,0,0,0,0,0
16,00000013 2fa7d4f0,"@!PT SHFL.IDX PT, RZ, RZ, RZ, RZ ",8,78,46,327680,0,,,,,,,0,3,0,0,0,0,0,0,0,1,71,2,0,0,0,0,1,0,2,0,0,0,0,0,0,0,1,43,0,0,0,0,0,0
17,00000013 2fa7d500,"     MOV R10, 0x4 ",9,42,14,327680,10485760,,,,,,,0,1,0,0,0,0,5,0,0,1,16,1,18,0,0,0,0,0,1,0,0,0,0,4,0,0,1,8,0,0,0,0,0,0
18,00000013 2fa7d510,"     IMAD.WIDE R8, R7, R10, c[0x0][0x178] ",11,80,26,327680,10485760,,,,,,,0,1,0,2,0,0,0,0,0,0,0,16,12,0,0,0,49,0,0,0,2,0,0,0,0,0,0,0,0,0,0,0,0,24
19,00000013 2fa7d520,"     LDG.E.CONSTANT.SYS R8, [R8] ",10,174,87,327680,10485760,Global,Load,32,327680,,327680,0,3,0,0,0,0,0,0,0,0,0,13,12,0,0,0,146,0,1,0,0,0,0,0,0,0,0,0,0,0,0,0,0,86
20,00000013 2fa7d530,"     ISETP.GE.AND P0, PT, R5, c[0x0][0x198], PT ",10,18,0,327680,10485760,,,,,,,0,4,0,0,0,0,0,0,0,0,0,0,14,0,0,0,0,0,0,0,0,0,0,0,0,0,0,0,0,0,0,0,0,0
21,00000013 2fa7d540,"     BMOV.32.CLEAR RZ, B0 ",10,13,0,327680,10485760,,,,,,,0,0,0,0,0,0,0,0,0,0,0,0,13,0,0,0,0,0,0,0,0,0,0,0,0,0,0,0,0,0,0,0,0,0
22,00000013 2fa7d550,"     BSSY B0, 0x132fa7d6e0 ",10,20,0,327680,10485760,,,,,,,0,0,0,0,0,0,0,0,0,0,0,0,20,0,0,0,0,0,0,0,0,0,0,0,0,0,0,0,0,0,0,0,0,0
23,00000013 2fa7d560,"     FMNMX.FTZ R6, RZ, R8, !PT ",11,513,301,327680,10485760,,,,,,,0,4,0,0,0,469,4,0,0,1,0,23,12,0,0,0,0,0,0,0,0,0,298,2,0,0,1,0,0,0,0,0,0,0
24,00000013 2fa7d570,@P0  BRA 0x132fa7d6d0 ,10,174,74,327680,10158080,,,,,,,0,4,0,0,0,0,0,0,0,0,0,19,19,0,0,0,132,0,0,0,0,0,0,0,0,0,0,0,0,0,0,0,0,74
25,00000013 2fa7d580,"     IMAD.WIDE R8, R7, R10, c[0x0][0x170] ",12,101,50,327680,327680,,,,,,,0,2,0,0,0,0,0,0,0,3,35,6,12,0,0,0,43,0,2,0,0,0,0,0,0,0,2,18,0,0,0,0,0,28
26,00000013 2fa7d590,"     LDG.E.CONSTANT.SYS R18, [R8] ",10,170,75,327680,327680,Global,Load,32,327680,,327680,0,5,0,0,0,0,0,0,0,0,0,13,8,0,0,0,144,0,1,0,0,0,0,0,0,0,0,0,0,0,0,0,0,74
27,00000013 2fa7d5a0,"     FADD.FTZ R6, R6, 9.9999999747524270788e-07 ",10,17,0,327680,327680,,,,,,,0,3,0,0,0,0,0,0,0,0,0,0,14,0,0,0,0,0,0,0,0,0,0,0,0,0,0,0,0,0,0,0,0,0
28,00000013 2fa7d5b0,"     MOV R12, R5 ",11,15,0,327680,327680,,,,,,,0,0,0,0,0,0,0,0,0,0,0,0,15,0,0,0,0,0,0,0,0,0,0,0,0,0,0,0,0,0,0,0,0,0
29,00000013 2fa7d5c0,"     IMAD R15, R7, c[0x0][0x194], R0 ",12,12,0,327680,327680,,,,,,,0,3,0,0,0,0,0,0,0,0,0,0,9,0,0,0,0,0,0,0,0,0,0,0,0,0,0,0,0,0,0,0,0,0
30,00000013 2fa7d5d0,"     MUFU.RSQ R16, R6 ",13,82,17,327680,327680,,,,,,,0,2,0,0,0,0,0,0,0,0,0,13,15,0,0,0,52,0,0,0,0,0,0,0,0,0,0,0,0,0,0,0,0,17
31,00000013 2fa7d5e0,"     MOV R11, 0x2 ",13,76,26,327680,327680,,,,,,,0,1,0,0,0,0,0,0,0,0,0,3,13,0,0,0,59,0,0,0,0,0,0,0,0,0,0,0,0,0,0,0,0,26
32,00000013 2fa7d5f0,"     IMAD R10, R15, c[0x0][0x198], R12 ",14,17,0,327680,327680,,,,,,,0,0,0,0,0,0,0,0,0,0,0,0,17,0,0,0,0,0,0,0,0,0,0,0,0,0,0,0,0,0,0,0,0,0
33,00000013 2fa7d600,"     IMAD.WIDE R8, R10, R11, c[0x0][0x168] ",16,86,31,327680,327680,,,,,,,0,5,0,0,0,11,0,0,0,3,0,8,12,5,0,0,42,0,1,0,0,0,8,0,0,0,1,0,0,0,3,0,0,18
34,00000013 2fa7d610,"     IMAD.WIDE R10, R10, R11, c[0x0][0x160] ",14,78,23,327680,327680,,,,,,,0,13,0,0,0,0,0,0,0,0,0,11,11,0,0,0,43,0,1,0,0,0,0,0,0,0,0,0,0,0,0,0,0,22
35,00000013 2fa7d620,"     LDG.E.U16.CONSTANT.SYS R8, [R8] ",13,150,50,327680,327680,Global,Load,16,327680,,327680,0,3,0,0,0,0,0,0,0,0,0,11,14,0,0,0,122,0,1,0,0,0,0,0,0,0,0,0,0,0,0,0,0,49
36,00000013 2fa7d630,"     LDG.E.U16.CONSTANT.SYS R10, [R10] ",14,75,29,327680,327680,Global,Load,16,327680,,327680,0,4,0,0,1,0,0,0,1,0,0,6,11,0,0,0,52,0,2,0,0,0,0,0,0,1,0,0,0,0,0,0,0,26
37,00000013 2fa7d640,"     IADD3 R12, R12, c[0x0][0x0], RZ ",14,9,0,327680,327680,,,,,,,0,0,0,0,0,0,0,0,0,0,0,0,9,0,0,0,0,0,0,0,0,0,0,0,0,0,0,0,0,0,0,0,0,0
38,00000013 2fa7d650,"     ISETP.GE.AND P0, PT, R12, c[0x0][0x198], PT ",14,58,10,327680,327680,,,,,,,0,3,0,0,0,0,2,0,0,0,0,10,13,0,0,0,30,0,0,0,0,0,0,0,0,0,0,0,0,0,0,0,0,10
39,00000013 2fa7d660,"     HADD2.F32 R13, R8.H0_H0, -RZ.H0_H0 ",15,4573,3148,327680,327680,,,,,,,0,2,0,0,0,4541,1,0,0,1,0,16,12,0,0,0,0,0,0,0,0,0,3147,0,0,0,1,0,0,0,0,0,0,0
40,00000013 2fa7d670,"     HADD2.F32 R6, R10.H0_H0, -RZ.H0_H0 ",15,156,90,327680,327680,,,,,,,0,1,0,0,0,120,0,0,0,1,0,6,16,0,0,0,12,0,0,0,0,0,84,0,0,0,0,0,0,0,0,0,0,6
41,00000013 2fa7d680,"     FADD.FTZ R13, -R18, R13 ",14,98,30,327680,327680,,,,,,,0,6,0,0,0,0,0,0,0,0,0,14,11,0,0,0,67,0,0,0,0,0,0,0,0,0,0,0,0,0,0,0,0,30
42,00000013 2fa7d690,"     FMUL.FTZ R13, R16, R13 ",14,62,23,327680,327680,,,,,,,0,3,0,0,0,0,0,0,0,0,0,9,11,0,0,0,39,0,1,0,0,0,0,0,0,0,0,0,0,0,0,0,0,22
43,00000013 2fa7d6a0,"     FADD.FTZ R3, R6, R3 ",14,24,5,327680,327680,,,,,,,0,1,0,0,0,0,0,0,0,0,0,3,10,0,0,0,10,0,0,0,0,0,0,0,0,0,0,0,0,0,0,0,0,5
44,00000013 2fa7d6b0,"     FFMA.FTZ R4, R6, R13, R4 ",14,35,8,327680,327680,,,,,,,0,2,0,0,0,0,0,0,0,0,0,4,15,0,0,0,14,0,0,0,0,0,0,0,0,0,0,0,0,0,0,0,0,8
45,00000013 2fa7d6c0,@!P0 BRA 0x132fa7d5e0 ,12,9,0,327680,0,,,,,,,0,1,0,0,0,0,0,0,0,0,0,0,8,0,0,0,0,0,0,0,0,0,0,0,0,0,0,0,0,0,0,0,0,0
46,00000013 2fa7d6d0,     BSYNC B0 ,8,196,97,655360,10485760,,,,,,,0,4,0,0,0,0,0,0,0,2,65,1,14,0,0,0,110,0,0,0,0,0,0,0,0,0,0,40,0,0,0,0,0,57
47,00000013 2fa7d6e0,"     IADD3 R7, R7, c[0x0][0x10], RZ ",8,297,150,327680,10485760,,,,,,,0,1,0,0,0,0,1,0,0,1,179,0,22,0,0,0,93,0,0,0,0,0,0,0,0,0,1,105,0,0,0,0,0,44
48,00000013 2fa7d6f0,"     ISETP.GE.AND P0, PT, R7, c[0x0][0x190], PT ",8,80,28,327680,10485760,,,,,,,0,8,0,0,0,0,2,0,0,0,0,9,14,0,0,0,47,0,2,0,0,0,0,0,0,0,0,0,0,0,0,0,0,26
49,00000013 2fa7d700,@!P0 BRA 0x132fa7d4f0 ,8,176,96,327680,10354688,,,,,,,0,2,0,0,0,0,0,0,0,0,0,10,3,0,0,0,161,0,0,0,0,0,0,0,0,0,0,0,0,0,0,0,0,96
50,00000013 2fa7d710,"     SHFL.DOWN PT, R5, R4, 0x10, 0x1f ",7,49,24,4096,131072,,,,,,,0,0,0,0,0,0,0,0,0,0,0,0,12,0,0,0,37,0,0,0,0,0,0,0,0,0,0,0,0,0,0,0,0,24
51,00000013 2fa7d720,"     ISETP.NE.AND P0, PT, R2, RZ, PT ",7,0,0,4096,131072,,,,,,,,,,,,,,,,,,,,,,,,,,,,,,,,,,,,,,,,
52,00000013 2fa7d730,"     ISETP.NE.AND P1, PT, R14, RZ, PT ",7,0,0,4096,131072,,,,,,,,,,,,,,,,,,,,,,,,,,,,,,,,,,,,,,,,
53,00000013 2fa7d740,"     SHFL.DOWN PT, R6, R3, 0x10, 0x1f ",8,0,0,4096,131072,,,,,,,,,,,,,,,,,,,,,,,,,,,,,,,,,,,,,,,,
54,00000013 2fa7d750,"     FADD.FTZ R5, R5, R4 ",8,7,7,4096,131072,,,,,,,0,0,0,0,0,0,0,0,0,0,0,0,0,7,0,0,0,0,0,0,0,0,0,0,0,0,0,0,0,0,7,0,0,0
55,00000013 2fa7d760,"     FADD.FTZ R6, R6, R3 ",7,1,1,4096,131072,,,,,,,0,0,0,0,0,0,0,0,0,0,0,0,0,1,0,0,0,0,0,0,0,0,0,0,0,0,0,0,0,0,1,0,0,0
56,00000013 2fa7d770,"     SHFL.DOWN PT, R8, R5, 0x8, 0x1f ",7,2,2,4096,131072,,,,,,,0,0,0,0,0,0,0,0,0,0,0,0,0,0,0,0,2,0,0,0,0,0,0,0,0,0,0,0,0,0,0,0,0,2
57,00000013 2fa7d780,"     SHFL.DOWN PT, R7, R6, 0x8, 0x1f ",8,3,2,4096,131072,,,,,,,0,0,0,0,0,0,0,0,1,0,0,0,0,0,0,0,2,0,0,0,0,0,0,0,0,1,0,0,0,0,0,0,0,1
58,00000013 2fa7d790,"     FADD.FTZ R8, R5, R8 ",8,3,3,4096,131072,,,,,,,0,0,0,0,0,0,0,0,0,0,0,0,0,3,0,0,0,0,0,0,0,0,0,0,0,0,0,0,0,0,3,0,0,0
59,00000013 2fa7d7a0,"     FADD.FTZ R7, R6, R7 ",7,1,1,4096,131072,,,,,,,0,0,0,0,0,0,0,0,0,0,0,0,0,0,0,0,1,0,0,0,0,0,0,0,0,0,0,0,0,0,0,0,0,1
60,00000013 2fa7d7b0,"     SHFL.DOWN PT, R9, R8, 0x4, 0x1f ",7,0,0,4096,131072,,,,,,,,,,,,,,,,,,,,,,,,,,,,,,,,,,,,,,,,
61,00000013 2fa7d7c0,"     SHFL.DOWN PT, R10, R7, 0x4, 0x1f ",8,2,1,4096,131072,,,,,,,0,0,0,0,0,0,0,0,0,0,0,0,1,0,0,0,1,0,0,0,0,0,0,0,0,0,0,0,0,0,0,0,0,1
62,00000013 2fa7d7d0,"     FADD.FTZ R9, R8, R9 ",8,9,7,4096,131072,,,,,,,0,0,0,0,0,0,0,0,0,0,0,0,0,9,0,0,0,0,0,0,0,0,0,0,0,0,0,0,0,0,7,0,0,0
63,00000013 2fa7d7e0,"     FADD.FTZ R10, R7, R10 ",7,4,2,4096,131072,,,,,,,0,0,0,0,0,0,0,0,0,0,0,0,1,1,0,0,2,0,0,0,0,0,0,0,0,0,0,0,0,0,1,0,0,1
64,00000013 2fa7d7f0,"     SHFL.DOWN PT, R4, R9, 0x2, 0x1f ",7,2,2,4096,131072,,,,,,,0,0,0,0,0,0,0,0,0,0,0,0,0,0,0,0,2,0,0,0,0,0,0,0,0,0,0,0,0,0,0,0,0,2
65,00000013 2fa7d800,"     SHFL.DOWN PT, R3, R10, 0x2, 0x1f ",8,0,0,4096,131072,,,,,,,,,,,,,,,,,,,,,,,,,,,,,,,,,,,,,,,,
66,00000013 2fa7d810,"     FADD.FTZ R11, R9, R4 ",9,9,5,4096,131072,,,,,,,0,0,0,0,0,0,0,0,0,0,0,0,0,9,0,0,0,0,0,0,0,0,0,0,0,0,0,0,0,0,5,0,0,0
67,00000013 2fa7d820,"     FADD.FTZ R12, R10, R3 ",8,2,1,4096,131072,,,,,,,0,0,0,0,0,0,0,0,0,0,0,0,0,2,0,0,0,0,0,0,0,0,0,0,0,0,0,0,0,0,1,0,0,0
68,00000013 2fa7d830,"@!P0 SHF.L.U32 R3, R14, 0x3, RZ ",7,1,0,4096,4096,,,,,,,0,0,0,0,0,0,0,0,0,0,0,0,1,0,0,0,0,0,0,0,0,0,0,0,0,0,0,0,0,0,0,0,0,0
69,00000013 2fa7d840,"     SHFL.DOWN PT, R4, R11, 0x1, 0x1f ",7,3,2,4096,131072,,,,,,,0,0,0,0,0,0,0,0,0,0,0,0,1,0,0,0,2,0,0,0,0,0,0,0,0,0,0,0,0,0,0,0,0,2
70,00000013 2fa7d850,"     SHFL.DOWN PT, R5, R12, 0x1, 0x1f ",8,1,0,4096,131072,,,,,,,0,0,0,0,0,0,0,0,1,0,0,0,0,0,0,0,0,0,0,0,0,0,0,0,0,0,0,0,0,0,0,0,0,0
71,00000013 2fa7d860,"@!P0 FADD.FTZ R4, R11, R4 ",8,8,7,4096,4096,,,,,,,0,0,0,0,0,0,0,0,0,0,0,0,0,8,0,0,0,0,0,0,0,0,0,0,0,0,0,0,0,0,7,0,0,0
72,00000013 2fa7d870,"@!P0 FADD.FTZ R5, R12, R5 ",7,3,1,4096,4096,,,,,,,0,0,0,0,0,0,0,0,0,0,0,0,1,2,0,0,0,0,0,0,0,0,0,0,0,0,0,0,0,0,1,0,0,0
73,00000013 2fa7d880,"@!P0 STS.64 [R3], R4 ",6,2,1,4096,4096,Shared,Store,64,,4096,,0,0,0,0,0,0,0,0,0,0,0,0,1,0,0,0,1,0,0,0,0,0,0,0,0,0,0,0,0,0,0,0,0,1
74,00000013 2fa7d890,     NOP ,3,0,0,4096,131072,,,,,,,,,,,,,,,,,,,,,,,,,,,,,,,,,,,,,,,,
75,00000013 2fa7d8a0,     BAR.SYNC 0x0 ,3,1,0,4096,131072,,,,,,,0,0,0,0,0,0,0,0,0,0,0,0,1,0,0,0,0,0,0,0,0,0,0,0,0,0,0,0,0,0,0,0,0,0
76,00000013 2fa7d8b0,@P1  EXIT ,3,5,5,4096,0,,,,,,,5,0,0,0,0,0,0,0,0,0,0,0,0,0,0,0,0,5,0,0,0,0,0,0,0,0,0,0,0,0,0,0,0,0
77,00000013 2fa7d8c0,"     MOV R3, c[0x0][0x0] ",4,2,1,4096,131072,,,,,,,0,0,0,0,0,0,0,0,0,0,0,1,0,0,0,0,1,0,0,0,0,0,0,0,0,0,0,0,0,0,0,0,0,1
78,00000013 2fa7d8d0,"     CS2R R4, SRZ ",6,1,1,4096,131072,,,,,,,0,0,0,0,0,0,1,0,0,0,0,0,0,0,0,0,0,0,0,0,0,0,0,1,0,0,0,0,0,0,0,0,0,0
79,00000013 2fa7d8e0,"     IADD3 R3, R3, 0x1f, RZ ",6,0,0,4096,131072,,,,,,,,,,,,,,,,,,,,,,,,,,,,,,,,,,,,,,,,
80,00000013 2fa7d8f0,"     SHF.R.U32.HI R3, RZ, 0x5, R3 ",6,0,0,4096,131072,,,,,,,,,,,,,,,,,,,,,,,,,,,,,,,,,,,,,,,,
81,00000013 2fa7d900,"     ISETP.GE.U32.AND P1, PT, R2, R3, PT ",6,2,2,4096,131072,,,,,,,0,0,0,0,0,0,0,0,0,0,0,0,0,0,0,0,2,0,0,0,0,0,0,0,0,0,0,0,0,0,0,0,0,2
82,00000013 2fa7d910,"@!P1 SHF.L.U32 R2, R2, 0x3, RZ ",5,5,5,4096,4096,,,,,,,0,0,0,0,0,0,0,0,0,0,0,0,0,0,0,0,5,0,0,0,0,0,0,0,0,0,0,0,0,0,0,0,0,5
83,00000013 2fa7d920,"@!P1 LDS.U.64 R4, [R2] ",5,1,1,4096,4096,Shared,Load,64,,4096,,0,0,0,0,0,0,0,0,0,0,0,0,0,0,0,0,1,0,0,0,0,0,0,0,0,0,0,0,0,0,0,0,0,1
84,00000013 2fa7d930,"     SHFL.DOWN PT, R3, R4, 0x10, 0x1f ",5,5,3,4096,131072,,,,,,,0,0,0,0,0,0,0,0,0,0,0,0,0,4,0,0,1,0,0,0,0,0,0,0,0,0,0,0,0,0,2,0,0,1
85,00000013 2fa7d940,"     SHFL.DOWN PT, R6, R5, 0x10, 0x1f ",6,4,3,4096,131072,,,,,,,0,0,0,0,0,0,0,0,0,0,0,0,0,0,0,0,4,0,0,0,0,0,0,0,0,0,0,0,0,0,0,0,0,3
86,00000013 2fa7d950,"     FADD.FTZ R3, R3, R4 ",6,4,4,4096,131072,,,,,,,0,0,0,0,0,0,0,0,0,0,0,0,0,4,0,0,0,0,0,0,0,0,0,0,0,0,0,0,0,0,4,0,0,0
87,00000013 2fa7d960,"     FADD.FTZ R6, R6, R5 ",5,3,3,4096,131072,,,,,,,0,0,0,0,0,0,0,0,0,0,0,0,0,3,0,0,0,0,0,0,0,0,0,0,0,0,0,0,0,0,3,0,0,0
88,00000013 2fa7d970,"     SHFL.DOWN PT, R8, R3, 0x8, 0x1f ",5,3,1,4096,131072,,,,,,,0,0,0,0,0,0,0,0,0,0,0,0,1,0,0,0,2,0,0,0,0,0,0,0,0,0,0,0,0,0,0,0,0,1
89,00000013 2fa7d980,"     SHFL.DOWN PT, R7, R6, 0x8, 0x1f ",6,3,1,4096,131072,,,,,,,0,0,0,0,0,0,0,0,0,0,0,0,1,0,0,0,2,0,0,0,0,0,0,0,0,0,0,0,0,0,0,0,0,1
90,00000013 2fa7d990,"     FADD.FTZ R8, R3, R8 ",6,5,4,4096,131072,,,,,,,0,0,0,0,0,0,0,0,0,0,0,0,0,5,0,0,0,0,0,0,0,0,0,0,0,0,0,0,0,0,4,0,0,0
91,00000013 2fa7d9a0,"     FADD.FTZ R7, R6, R7 ",5,1,1,4096,131072,,,,,,,0,0,0,0,0,0,0,0,0,0,0,0,0,1,0,0,0,0,0,0,0,0,0,0,0,0,0,0,0,0,1,0,0,0
92,00000013 2fa7d9b0,"     SHFL.DOWN PT, R9, R8, 0x4, 0x1f ",5,2,1,4096,131072,,,,,,,0,0,0,0,0,0,0,0,0,0,0,0,0,0,0,0,2,0,0,0,0,0,0,0,0,0,0,0,0,0,0,0,0,1
93,00000013 2fa7d9c0,"     SHFL.DOWN PT, R10, R7, 0x4, 0x1f ",6,2,1,4096,131072,,,,,,,0,0,0,0,0,0,0,0,0,0,0,0,0,0,0,0,2,0,0,0,0,0,0,0,0,0,0,0,0,0,0,0,0,1
94,00000013 2fa7d9d0,"     FADD.FTZ R9, R8, R9 ",6,6,3,4096,131072,,,,,,,0,0,0,0,0,0,0,0,0,0,0,0,0,6,0,0,0,0,0,0,0,0,0,0,0,0,0,0,0,0,3,0,0,0
95,00000013 2fa7d9e0,"     FADD.FTZ R10, R7, R10 ",5,2,2,4096,131072,,,,,,,0,0,0,0,0,0,0,0,0,0,0,0,0,2,0,0,0,0,0,0,0,0,0,0,0,0,0,0,0,0,2,0,0,0
96,00000013 2fa7d9f0,"     SHFL.DOWN PT, R2, R9, 0x2, 0x1f ",5,3,2,4096,131072,,,,,,,0,0,0,0,0,0,0,0,0,0,0,0,0,0,0,0,3,0,0,0,0,0,0,0,0,0,0,0,0,0,0,0,0,2
97,00000013 2fa7da00,"     SHFL.DOWN PT, R5, R10, 0x2, 0x1f ",6,0,0,4096,131072,,,,,,,,,,,,,,,,,,,,,,,,,,,,,,,,,,,,,,,,
98,00000013 2fa7da10,"     FADD.FTZ R11, R9, R2 ",7,8,5,4096,131072,,,,,,,0,0,0,0,0,0,0,0,0,0,0,1,2,5,0,0,0,0,0,0,0,0,0,0,0,0,0,0,0,0,5,0,0,0
99,00000013 2fa7da20,"     FADD.FTZ R12, R10, R5 ",6,1,0,4096,131072,,,,,,,0,0,0,0,0,0,0,0,0,0,0,0,1,0,0,0,0,0,0,0,0,0,0,0,0,0,0,0,0,0,0,0,0,0
100,00000013 2fa7da30,"     SHFL.DOWN PT, R6, R11, 0x1, 0x1f ",5,2,2,4096,131072,,,,,,,0,0,0,0,0,0,0,0,0,0,0,0,0,0,0,0,2,0,0,0,0,0,0,0,0,0,0,0,0,0,0,0,0,2
101,00000013 2fa7da40,"     SHFL.DOWN PT, R13, R12, 0x1, 0x1f ",6,2,2,4096,131072,,,,,,,0,0,0,0,0,0,0,0,0,0,0,0,0,0,0,0,2,0,0,0,0,0,0,0,0,0,0,0,0,0,0,0,0,2
102,00000013 2fa7da50,@P0  EXIT ,6,0,0,4096,126976,,,,,,,,,,,,,,,,,,,,,,,,,,,,,,,,,,,,,,,,
103,00000013 2fa7da60,"     MOV R5, 0x4 ",7,5,1,4096,4096,,,,,,,0,0,0,0,0,0,0,0,0,0,3,0,1,0,0,0,1,0,0,0,0,0,0,0,0,0,0,1,0,0,0,0,0,0
104,00000013 2fa7da70,"     FADD.FTZ R7, R11, R6 ",8,2,1,4096,4096,,,,,,,0,0,0,0,0,0,0,0,0,0,0,0,0,2,0,0,0,0,0,0,0,0,0,0,0,0,0,0,0,0,1,0,0,0
105,00000013 2fa7da80,"     FADD.FTZ R9, R12, R13 ",7,1,1,4096,4096,,,,,,,0,0,0,0,0,0,0,0,0,0,0,0,0,1,0,0,0,0,0,0,0,0,0,0,0,0,0,0,0,0,1,0,0,0
106,00000013 2fa7da90,"     IMAD.WIDE R2, R0, R5, c[0x0][0x180] ",7,0,0,4096,4096,,,,,,,,,,,,,,,,,,,,,,,,,,,,,,,,,,,,,,,,
107,00000013 2fa7daa0,"     IMAD.WIDE R4, R0, R5, c[0x0][0x188] ",6,0,0,4096,4096,,,,,,,,,,,,,,,,,,,,,,,,,,,,,,,,,,,,,,,,
108,00000013 2fa7dab0,"     RED.E.ADD.F32.FTZ.RN.STRONG.GPU [R2], R7 ",3,2,2,4096,4096,Global,,32,,,,0,0,0,0,0,0,0,0,0,0,0,0,0,0,0,0,2,0,0,0,0,0,0,0,0,0,0,0,0,0,0,0,0,2
109,00000013 2fa7dac0,"     RED.E.ADD.F32.FTZ.RN.STRONG.GPU [R4], R9 ",2,2,2,4096,4096,Global,,32,,,,0,0,0,0,0,0,0,0,0,0,0,0,0,0,0,0,2,0,0,0,0,0,0,0,0,0,0,0,0,0,0,0,0,2
110,00000013 2fa7dad0,     EXIT ,1,0,0,4096,4096,,,,,,,,,,,,,,,,,,,,,,,,,,,,,,,,,,,,,,,,
111,00000013 2fa7dae0,     BRA 0x132fa7dae0,0,9,6,,,,,,,,,0,0,7,0,0,0,0,0,0,0,2,0,0,0,0,0,0,0,0,4,0,0,0,0,0,0,0,2,0,0,0,0,0,0
112,00000013 2fa7daf0,     NOP,,0,0,,,,,,,,,,,,,,,,,,,,,,,,,,,,,,,,,,,,,,,,,,
